,Accuracy,Loss,Precision,Recall,F1,FNR,Training Time
LightGBM _window,0.8718844410876133,0.619670418096121,0.878772052215672,0.8730988785762497,0.8749510540121982,0.12690112142375032,341.98476791381836
LightGBM _file,0.9741379310344828,0.13261906339746876,0.9737373737373738,0.9653647752394989,0.96937441643324,0.03463522476050107,341.98476791381836
CatBoost_window,0.8631042296072508,0.3768030533776579,0.8682328375451526,0.8649050555506501,0.8656824104637684,0.13509494444934989,1023.618020772934
CatBoost_file,0.9741379310344828,0.18250559623689586,0.9737373737373738,0.9653647752394989,0.96937441643324,0.03463522476050107,1023.618020772934
XGBoost (3-class)_window,0.8684856495468278,0.4451787991853979,0.8756195769528096,0.8698556207461458,0.8715349897064458,0.13014437925385425,484.8134603500366
XGBoost (3-class)_file,0.9741379310344828,0.15643977498924413,0.9737373737373738,0.9653647752394989,0.96937441643324,0.03463522476050107,484.8134603500366
SVM_window,0.7557590634441088,0.6291012024972893,0.7541355227267893,0.7610534789167985,0.7553317066018015,0.23894652108320147,816.9963271617889
SVM_file,0.9224137931034483,0.3841214092331403,0.9225735710243351,0.8784082535003686,0.890784299875209,0.12159174649963145,816.9963271617889
Random Forest_window,0.8602719033232629,0.3830531708353702,0.867372564413841,0.861962983355364,0.8635913813504588,0.13803701664463597,575.2487516403198
Random Forest_file,0.9568965517241379,0.22257608237797258,0.9499964303562504,0.9540653402112502,0.9519385606342129,0.045934659788749777,575.2487516403198
KNN_window,0.7495279456193353,2.271257814046394,0.749154978783015,0.7548141716483282,0.7511149460505778,0.2451858283516718,14.123298168182373
KNN_file,0.9482758620689655,0.3745636549345007,0.9354798147901596,0.9307295504789979,0.9319139389561925,0.06927044952100214,14.123298168182373
MLP_window,0.7502832326283988,0.686215870468955,0.7515433050779677,0.7547614588408651,0.7514545033829624,0.2452385411591349,46.18432664871216
MLP_file,0.9396551724137931,0.3479273862072578,0.9380610118315036,0.9073937607467452,0.9178938127409443,0.09260623925325484,46.18432664871216
LSTM_window,0.7651057401812689,0.6079002036034894,0.7659222954892325,0.7691482678298271,0.7664919457237489,0.23085173217017285,1212.4928250312805
LSTM_file,0.9482758620689655,0.3379450472309682,0.944318002212739,0.9218865143699336,0.9298930839941609,0.07811348563006637,1212.4928250312805
TabNet_window,0.7331948640483383,0.6424738779685311,0.7362709530525414,0.7363719324459952,0.7362814402289374,0.2636280675540048,1767.4014990329742
TabNet_file,0.8879310344827587,0.39273436415647806,0.8553443794671866,0.8734954556619995,0.8627342273548262,0.1265045443380005,1767.4014990329742
CNN+LSTM_window,0.770392749244713,0.5731416704370715,0.774146941618489,0.7734980942934104,0.7736904518511429,0.22650190570658957,4616.996350765228
CNN+LSTM_file,0.9310344827586207,0.3257255247034874,0.9119047619047619,0.9282731515598134,0.9193236714975845,0.07172684844018662,4616.996350765228
Gradient Boosting_window,0.8660309667673716,0.5118754543057399,0.8725103775213956,0.8675863786645159,0.8692089068797478,0.13241362133548407,16177.81558394432
Gradient Boosting_file,0.9655172413793104,0.15203151201707962,0.9640252402964268,0.9597150577253745,0.961647424875133,0.040284942274625535,16177.81558394432
