Model,Avg Accuracy,Std Accuracy,Avg Macro F1,Std Macro F1
LightGBM,0.9094097289603876,0.021554220022274525,0.9066220651902782,0.024857763210164637
XGBoost,0.9047879382055584,0.0216035280344106,0.9020840292570327,0.024521791299282947
Gradient Boosting,0.9043104622047047,0.024716946083278263,0.9016912511916834,0.02721162175891921
CatBoost,0.8960065763858976,0.023503846475033587,0.8929582301395407,0.02425279769829761
Random Forest,0.8923082158254715,0.031422706154039616,0.8903918866076758,0.03162193763340071
LSTM,0.8635308186500744,0.023078414284514574,0.861867971640381,0.024337611164464555
CNN+LSTM,0.7877441017788211,0.027940901321765358,0.7797287729715425,0.03343007294793607
SVM (RBF),0.7654706257169052,0.039722358640515446,0.7573525027305623,0.03994465654852771
KNN,0.7551496384123098,0.04903308275376605,0.7511624100413935,0.043598801229144016
MLP,0.7484631752398279,0.037984111798287146,0.742278083419815,0.03846032721142858
TabNet,0.7033683442822136,0.08605919780606439,0.6836061001918067,0.10343731528831239
