acc_x,acc_y,acc_z,gyro_x,gyro_y,gyro_z
-15.88,0.33,8.3,-0.22,-0.07,-0.02
-16.11,0.57,7.68,0.01,-0.08,0.14
-16.62,0.25,7.91,-0.04,-0.1,0.06
-15.64,0.4,7.41,-0.1,0.12,-0.02
-16.09,1.91,7.81,0.08,-0.31,0.35
-17.23,0.62,7.27,-0.09,0.08,0.15
-15.73,1.73,7.13,-0.14,-0.04,-0.13
-17.08,0.59,6.97,0.05,-0.29,0.02
-16.81,1.13,8.07,0.02,-0.37,0.13
-16.33,0.41,7.61,-0.27,-0.07,-0.03
-16.68,0.18,7.52,-0.14,-0.06,0.02
-16.31,-0.65,7.94,0.01,-0.02,0.13
-16.49,0.18,7.69,-0.08,-0.07,0.03
-16.62,0.13,7.46,0.07,0.01,0.14
-16.18,1.12,7.72,-0.15,-0.16,0.02
-15.67,0.57,7.92,0.01,-0.32,-0.18
-15.84,0.16,8.04,-0.02,0.03,-0.0
-16.18,0.29,8.01,-0.08,-0.09,-0.01
-16.08,-0.17,7.92,-0.38,0.02,0.01
-15.24,-0.15,8.33,-0.11,-0.12,-0.0
-15.42,-0.22,8.38,-0.08,-0.08,-0.0
-15.21,-0.36,8.38,-0.14,-0.16,-0.01
-15.13,0.46,8.51,0.24,0.44,-0.08
-15.1,2.14,7.78,1.16,-0.61,-0.73
-15.17,0.5,7.91,-0.21,-0.15,-0.04
-15.29,0.36,8.47,-0.06,-0.1,-0.04
-15.2,0.21,8.23,-0.06,-0.12,0.0
-15.02,-0.37,8.53,-0.12,-0.24,-0.04
-15.78,1.01,8.82,-0.26,-0.06,-0.15
-15.31,0.36,8.61,-0.08,-0.31,0.01
-15.38,-0.02,8.47,-0.09,-0.08,-0.01
-14.88,0.15,8.26,-0.1,0.05,0.03
-16.04,0.23,8.15,-0.08,-0.08,-0.0
-15.61,-0.15,7.85,-0.16,-0.02,-0.03
-14.42,0.28,8.3,0.02,0.03,-0.22
-15.01,-0.15,8.54,-0.04,-0.11,-0.01
-15.32,0.02,8.53,-0.19,-0.19,-0.01
-15.38,-0.24,8.44,-0.06,-0.06,-0.05
-15.4,-0.25,8.52,-0.11,-0.18,0.03
-14.97,-0.17,8.85,-0.02,-0.05,0.02
-15.1,-0.65,8.53,0.13,0.25,0.08
-15.71,6.12,5.31,-0.15,0.07,-0.1
-16.93,3.46,6.31,-0.16,-0.11,-0.01
-16.43,-0.62,7.64,-0.11,-0.02,0.01
-14.69,-0.69,7.91,-0.0,-0.69,-0.01
-15.24,-0.28,7.7,-0.29,0.11,0.37
-17.99,0.79,5.76,-0.74,0.02,-0.23
-17.13,-0.24,5.76,-0.58,1.0,0.43
-19.61,1.38,-0.58,-0.2,0.52,-0.11
-19.61,-1.16,-5.14,-0.31,0.32,-0.43
-19.46,-0.56,-4.55,-0.07,-0.3,0.23
-15.73,-1.82,7.82,-0.19,-0.09,-0.01
-16.79,-0.62,8.08,0.14,-0.26,0.23
-15.69,-0.33,8.36,-0.07,-0.08,-0.01
-15.18,-0.39,8.36,-0.07,-0.13,0.0
-15.49,-0.52,8.32,-0.08,-0.09,0.02
-14.83,-0.47,8.47,-0.04,-0.23,-0.0
-14.74,-0.78,8.76,-0.08,-0.09,0.01
-15.27,-0.81,8.4,0.02,-0.1,-0.05
-13.92,-0.92,8.85,-0.14,-0.18,-0.02
-14.98,0.59,9.01,0.9,0.43,0.52
-14.53,3.68,7.87,-0.04,-0.34,-0.03
-15.06,3.74,7.83,0.0,0.11,-0.16
-15.48,3.45,7.47,-0.08,-0.04,-0.04
-15.27,3.33,7.79,-0.07,-0.06,0.01
-15.36,3.3,7.6,-0.09,-0.09,0.01
-15.45,3.26,7.79,-0.09,-0.12,0.01
-17.49,8.24,3.6,-0.62,1.67,1.23
-17.76,2.72,6.33,-0.09,0.11,0.03
-17.69,1.73,6.41,-0.07,-0.06,-0.01
-17.65,2.23,6.05,0.03,-0.13,0.01
-11.97,-1.21,7.19,-0.96,-1.12,-0.59
-15.48,1.38,8.21,-0.07,-0.1,-0.03
-17.09,0.39,7.9,-0.43,-0.07,0.03
-17.2,0.16,8.02,0.1,0.04,0.06
-15.77,0.54,8.2,-0.08,-0.01,-0.05
-13.84,0.86,5.87,1.84,-0.5,-1.73
-13.37,-1.43,7.34,0.13,-0.37,0.1
-10.45,-3.76,7.95,-0.49,-1.08,0.86
-10.06,-4.84,8.53,0.06,0.11,-0.1
-12.22,-4.0,8.46,-0.08,-0.37,-0.41
-15.17,-2.67,8.18,-0.01,0.19,0.3
-19.32,2.64,0.36,-2.73,1.53,0.7
-14.52,6.51,6.84,-0.4,0.48,0.25
-16.08,6.66,2.66,0.74,1.75,-0.79
-18.65,6.86,2.97,-0.39,-0.07,0.23
-17.36,2.56,2.03,-0.22,-0.4,0.23
-19.61,0.97,-6.46,-0.12,0.79,1.61
-12.52,5.72,4.13,0.16,-0.37,-0.79
-17.7,5.37,3.17,-0.21,0.04,0.02
-10.93,-5.83,14.07,-0.53,-1.06,-0.93
-10.24,0.85,8.32,1.04,0.43,-0.17
-18.33,-2.31,1.23,1.31,-4.37,0.86
-17.54,2.78,7.47,-0.45,0.14,-0.34
-9.83,-8.51,8.34,-1.83,-1.46,-0.71
-7.35,-6.28,6.81,-0.41,0.73,0.08
-8.39,-7.95,9.8,0.23,-1.79,-0.07
-18.77,3.93,2.48,0.53,0.24,1.06
-18.1,0.84,6.1,-0.12,-0.18,-0.04
-18.52,2.46,4.91,1.64,0.18,-0.38
-19.61,1.72,-0.28,0.23,-0.46,0.09
-19.61,1.36,-1.23,-0.27,-0.35,-0.06
-19.61,1.57,-1.56,-0.03,-0.17,0.03
-19.38,-1.51,5.76,1.31,0.19,0.18
-18.95,5.23,1.54,-0.32,-0.13,0.06
-17.38,4.06,4.12,-0.28,0.08,0.1
-18.31,2.02,4.32,-0.75,1.22,0.32
-18.49,1.41,1.09,-1.57,-0.03,-0.93
-19.61,-0.9,2.99,-0.07,-0.01,0.2
-17.25,-1.03,6.14,-0.09,-0.12,-0.09
-19.61,-0.93,5.47,0.1,-0.02,0.32
-18.38,-0.49,2.02,0.39,0.8,-1.32
-19.61,-1.47,-1.31,-0.34,0.38,-0.02
-19.61,-1.56,-1.3,0.05,-0.29,0.19
-19.61,-0.81,-1.64,-0.05,-0.13,0.01
-19.61,-0.28,-0.63,-0.19,-0.36,0.02
-19.61,-1.22,-2.32,-0.18,-0.74,0.21
-19.52,3.09,-4.57,-0.17,-0.63,-0.05
-19.06,2.95,-1.08,-0.11,-0.2,0.03
-19.61,3.71,1.57,0.4,-0.13,-0.04
-17.15,5.29,4.87,-0.13,-0.08,0.23
-17.39,5.92,2.89,-0.0,-0.89,-0.03
-18.63,4.29,3.9,0.05,0.19,-0.51
-18.94,3.61,3.92,-0.21,-0.22,-0.1
-18.5,3.25,4.46,-0.23,-0.19,-0.21
-18.42,4.1,3.79,-0.11,-0.71,0.13
-17.83,3.15,4.27,-0.25,-0.04,0.03
-18.45,3.38,4.41,-0.06,0.05,-0.07
-18.04,3.08,4.66,-0.04,-0.17,-0.21
-18.36,2.02,4.33,0.06,0.25,-0.08
-17.35,3.54,5.14,-0.34,0.19,0.0
-18.68,2.59,4.85,-0.18,-0.13,-0.42
-18.05,2.88,4.73,-0.12,-0.09,-0.01
-18.3,2.49,5.2,-0.15,0.06,0.02
-19.08,3.07,4.24,-0.05,0.1,-0.09
-19.61,5.29,2.94,-0.01,0.13,0.12
-19.01,2.93,4.24,-0.32,-0.28,0.0
-18.62,4.47,5.62,0.56,-0.18,0.43
-17.95,3.52,4.15,0.36,-0.4,-0.64
-18.64,3.19,4.77,0.12,0.12,-0.37
-18.35,3.38,4.53,-0.06,-0.03,-0.01
-19.05,4.18,3.7,0.61,-1.4,-0.03
-18.85,3.89,4.61,0.57,0.56,0.09
-18.16,2.85,4.49,-0.48,-0.59,-0.22
-18.87,2.8,4.67,0.03,-0.14,-0.05
-17.76,3.92,4.99,-0.81,0.18,0.32
-18.6,3.26,4.48,-0.04,-0.12,-0.09
-18.51,2.39,5.03,-0.54,0.05,0.25
-17.26,2.05,5.16,-0.18,0.08,0.16
-18.56,3.55,4.36,-0.58,-0.57,-0.16
-18.43,3.36,4.72,-0.11,-0.3,0.08
-19.61,4.48,1.66,-0.21,-0.62,0.56
-19.53,3.5,2.86,-0.16,-0.07,-0.07
-18.81,4.44,2.63,-0.33,-0.7,-0.02
-18.08,3.61,4.01,-0.2,0.55,-0.14
-18.62,4.43,3.94,-1.01,-0.32,0.26
-19.0,4.35,2.88,-0.0,0.12,-0.11
-18.67,4.34,2.82,-0.15,-0.17,-0.0
-19.05,3.97,2.97,-0.06,-0.04,0.0
-18.75,4.28,3.09,-0.3,-0.02,-0.13
-18.12,4.44,3.0,0.06,-0.4,-0.03
-19.11,4.95,2.09,0.2,-0.23,-0.09
-18.83,4.21,2.97,-0.24,-0.14,-0.03
-18.43,3.95,3.57,0.3,-0.19,0.08
-18.77,4.36,3.14,0.2,-0.08,-0.13
-18.73,4.54,2.54,-0.16,-0.18,-0.06
-18.54,4.18,4.67,0.79,0.47,0.28
-18.8,4.37,3.05,-0.03,-0.28,-0.09
-18.9,4.54,2.68,-0.18,-0.2,-0.04
-18.74,5.02,2.38,0.11,0.13,0.03
-18.47,3.94,3.86,0.48,0.4,0.36
-19.34,3.35,3.4,-0.0,-0.07,-0.01
-14.81,3.2,3.37,-0.43,-0.48,-1.51
-18.81,2.7,4.79,-0.1,-0.11,-0.07
-19.57,1.88,3.99,-0.21,0.31,0.09
-19.32,2.38,4.75,-0.18,-0.28,-0.06
-18.73,2.96,3.92,-0.03,0.04,-0.03
-19.15,3.34,3.26,0.28,0.38,0.59
-18.68,3.45,4.03,-0.08,-0.11,-0.02
-18.47,3.37,4.13,-0.4,-0.38,-0.18
-18.86,3.23,4.09,-0.11,-0.11,-0.03
-19.16,2.48,4.27,0.1,-0.17,0.19
-18.73,3.01,3.85,-0.12,-0.28,0.01
-18.97,3.56,3.51,-0.1,-0.05,-0.06
-18.46,2.82,4.47,0.13,0.15,0.26
-18.75,2.7,4.53,0.0,-0.05,-0.07
-18.67,3.15,4.3,-0.34,-0.21,0.05
-19.55,3.2,3.69,-0.1,-0.04,-0.24
-19.46,2.61,4.01,0.11,-0.05,0.01
-19.09,2.65,3.91,-0.08,-0.11,-0.02
-19.08,2.75,3.95,-0.12,-0.09,0.01
-18.95,2.63,4.32,-0.06,-0.02,0.03
-19.0,2.91,3.88,-0.13,-0.11,-0.0
-19.03,2.73,4.15,-0.18,-0.22,0.0
-19.57,3.44,3.72,-0.16,-0.3,0.05
-18.61,2.85,4.81,-0.13,-0.17,-0.05
-19.14,3.17,3.5,-0.13,-0.13,0.03
-19.05,2.7,4.0,-0.07,-0.06,0.01
-18.64,2.5,4.04,-0.26,0.11,0.27
-19.19,2.59,4.25,-0.17,-0.21,0.11
-18.6,2.36,4.22,-0.09,0.02,-0.06
-18.62,2.88,4.23,-0.05,-0.1,-0.07
-17.78,2.85,4.75,-0.1,-0.23,-0.28
-18.26,1.82,4.12,-0.19,-0.25,-0.13
-19.16,2.78,3.74,-0.1,-0.04,0.28
-12.22,7.23,1.93,-2.65,-0.97,0.47
-13.04,0.51,8.5,0.43,0.28,0.54
-19.27,4.61,5.32,0.19,-0.32,0.04
-17.66,3.49,1.65,-0.08,0.73,-0.17
-19.52,2.56,2.44,0.85,-0.33,-0.62
-17.27,2.87,5.34,-0.1,-0.27,0.1
-19.12,2.4,4.94,0.02,-0.11,0.02
-18.05,2.83,4.78,-0.03,0.03,-0.05
-18.75,2.85,4.67,-0.05,-0.08,-0.03
-18.8,2.58,4.6,-0.06,-0.09,-0.01
-18.44,2.73,4.69,-0.07,-0.08,0.02
-18.58,2.45,4.55,-0.17,-0.29,-0.04
-17.97,2.17,4.97,0.21,0.0,-0.41
-18.77,2.36,4.65,-0.13,-0.1,0.02
-18.27,1.46,5.0,-0.02,-0.04,0.08
-18.71,2.44,4.96,-0.19,-0.1,0.19
-18.33,2.22,4.82,-0.21,-0.19,0.06
-18.22,1.9,5.09,0.08,-0.12,-0.13
-17.99,1.43,5.37,0.09,0.08,0.08
-18.84,1.58,5.09,-0.11,-0.15,0.04
-18.59,2.48,4.91,-0.06,-0.05,0.02
-18.23,2.31,4.8,0.09,-0.05,0.02
-19.05,2.58,3.8,-0.61,-0.05,0.17
-18.75,2.55,4.35,-0.07,-0.03,0.01
-18.82,2.46,4.89,-0.12,-0.17,0.0
-19.21,1.85,4.71,-0.04,-0.04,0.19
-18.58,2.84,4.6,-0.06,0.01,0.12
-18.66,2.62,4.9,-0.1,-0.07,0.05
-18.62,2.49,4.93,-0.06,-0.04,-0.0
-18.12,2.54,5.22,0.01,-0.12,-0.0
-17.88,2.13,5.52,-0.19,-0.02,0.25
-18.75,3.13,4.7,-0.27,-0.12,0.01
-18.09,3.24,4.7,-0.09,-0.13,-0.14
-18.55,2.76,4.8,-0.15,-0.14,-0.01
-18.33,2.72,5.11,0.09,-0.21,0.01
-17.76,2.82,5.51,0.08,-0.03,-0.1
-18.25,2.56,5.2,0.14,0.08,-0.17
-18.38,2.54,4.91,-0.05,-0.1,-0.0
-18.14,1.94,5.33,0.03,0.02,-0.02
-18.0,2.01,5.68,-0.09,-0.14,-0.22
-18.41,2.82,4.0,0.03,-0.41,-0.42
-18.6,2.92,4.43,-0.07,0.01,0.15
-18.54,2.45,5.04,-0.05,-0.06,0.02
-18.52,2.28,5.59,0.25,-0.16,-0.28
-18.21,2.62,5.01,-0.15,-0.3,-0.08
-18.4,2.8,5.24,0.02,0.05,-0.16
-18.59,2.55,4.98,-0.07,-0.06,0.04
-18.49,2.76,4.95,-0.11,-0.12,-0.02
-18.59,2.88,4.59,-0.02,-0.15,-0.06
-18.27,2.45,5.38,-0.16,-0.28,-0.24
-19.03,2.34,4.86,-0.12,-0.06,-0.03
-17.88,3.25,4.92,0.03,0.14,-0.1
-19.08,2.51,4.58,-0.1,-0.14,0.07
-18.44,2.72,4.5,-0.33,-0.33,0.03
-19.16,2.43,4.97,-0.23,-0.14,-0.25
-18.45,2.83,4.95,-0.08,-0.12,0.01
-18.21,2.55,5.38,-0.33,-0.28,-0.23
-17.14,1.79,6.27,-0.34,0.19,-0.03
-18.18,3.31,4.61,-0.35,-0.19,-0.04
-18.7,2.76,4.5,-0.06,-0.07,-0.03
-15.09,2.55,6.12,0.09,-0.03,-0.44
-14.93,5.61,11.92,-0.45,-1.31,1.83
-17.05,0.72,6.79,0.6,1.49,-0.76
-15.18,-0.9,6.79,-0.02,-0.35,0.37
-18.85,-1.64,5.83,0.15,0.58,-0.72
-13.35,-4.18,6.09,-0.11,1.21,1.02
-15.41,-8.82,6.14,0.37,0.47,-1.19
-14.57,-7.03,5.47,-0.28,-0.42,1.62
-16.62,-5.94,5.13,0.06,0.1,0.03
-19.29,-2.86,-3.48,1.48,-0.93,1.18
-19.61,0.58,-3.16,0.14,-0.12,-0.17
-19.61,-0.26,-4.1,-0.08,-0.06,-0.04
-19.61,-0.47,-3.57,-0.09,-0.0,-0.03
-19.59,-0.43,-4.09,-0.08,-0.1,0.01
-19.39,-0.84,-4.48,-0.12,0.04,-0.05
-19.17,-1.43,-4.33,-0.12,-0.13,0.03
-19.61,-1.23,-3.66,-0.16,-0.14,0.03
-19.61,3.72,-2.04,0.25,1.71,-0.63
-19.61,1.24,-1.33,-0.3,-0.53,-0.32
-19.61,0.26,-2.54,-0.1,-0.0,-0.06
-19.61,0.17,-2.22,-0.09,-0.1,0.01
-19.61,0.04,-1.97,-0.07,-0.07,-0.01
-18.03,3.47,3.5,-0.12,-0.02,-0.51
-18.81,-1.01,4.56,0.1,-0.19,-0.51
-18.02,-2.65,5.16,-0.1,-0.11,-0.05
-17.89,-3.2,5.23,-0.41,-0.09,0.1
-16.95,-4.25,5.25,-0.87,-0.96,1.27
-17.43,-3.52,6.85,-1.65,-0.1,0.17
-11.09,-13.4,2.06,-0.76,2.29,-3.43
-7.86,-6.67,3.96,-1.83,0.8,0.19
-13.49,-8.81,2.74,-1.28,0.6,-1.46
-11.04,-9.1,0.75,0.48,0.89,-0.06
-10.1,-10.44,0.67,0.74,-1.64,0.86
-14.17,-11.2,3.0,-0.55,-1.43,-0.29
-12.78,-9.83,0.17,1.47,3.21,0.45
-11.76,-9.92,1.16,0.19,-1.95,0.31
-12.68,-4.18,4.33,-0.69,-0.27,0.76
-17.48,-5.95,0.89,0.04,0.08,-0.15
-14.69,-15.85,1.96,-3.04,4.37,-1.98
-4.81,-4.98,0.07,0.25,0.48,-4.27
-1.99,-5.88,5.11,-0.25,-0.66,1.27
-9.78,-12.85,4.02,-0.0,1.33,0.45
-11.51,-10.15,0.71,0.07,-0.62,0.93
-11.14,-7.24,2.49,-0.79,-0.0,1.01
-10.94,-11.18,1.27,-0.35,1.22,-1.96
-10.59,-8.5,1.66,-0.21,-0.18,0.92
-10.6,-9.86,1.09,1.36,0.81,2.49
-12.56,-11.38,3.3,-1.44,-1.36,-1.43
-7.14,3.97,6.69,-1.85,0.6,4.17
-17.42,-7.51,14.13,0.21,-2.04,0.17
-14.25,2.89,7.51,-0.68,1.23,3.08
-16.6,2.04,4.21,0.12,1.14,3.76
-10.7,5.68,8.65,0.67,-0.25,0.28
-15.97,1.41,6.49,0.26,-0.41,-0.55
-16.55,0.03,9.32,-0.13,-0.24,-0.5
-15.72,0.83,7.17,-1.25,0.47,1.26
-15.05,0.38,7.08,-1.1,-1.06,0.54
-17.0,-0.55,7.12,-0.6,0.07,0.27
-19.61,1.71,6.58,-1.34,0.56,2.1
-19.61,0.01,9.19,-1.8,0.33,-0.6
-14.64,-5.61,4.39,-0.14,0.5,-0.2
-9.55,-8.46,3.55,-0.2,-0.18,0.09
-13.74,-7.26,3.15,0.64,0.76,0.75
-14.68,-5.09,4.88,0.68,0.42,-0.48
-13.9,-6.51,4.75,-0.33,-0.34,-0.03
-14.23,-6.7,6.04,-0.38,-0.49,0.04
-14.74,-6.79,6.05,-0.1,-0.36,0.07
-13.38,-6.51,5.85,0.08,0.02,-0.15
-12.79,2.17,8.7,-0.12,-0.33,0.08
-12.33,-0.1,9.62,0.25,0.56,-0.53
-12.84,-3.4,8.73,0.24,-0.04,-0.78
-17.14,-3.87,7.57,-0.98,4.37,-1.29
-17.56,-4.06,7.63,0.53,0.56,-0.77
-15.56,-0.45,6.47,-0.07,-0.43,0.89
-18.97,-8.12,9.09,-1.52,-1.54,0.6
-14.4,-2.34,7.2,-0.42,-1.62,0.65
-14.79,-9.2,0.94,0.58,0.43,-0.92
-5.33,-6.15,3.98,0.41,0.42,-0.04
-17.47,-2.93,11.42,-1.13,-2.79,-0.77
-15.53,-0.76,8.32,0.52,0.78,0.66
-16.01,2.34,8.11,0.2,-0.39,-0.21
-15.8,1.25,8.0,0.01,-0.09,-0.18
-13.48,2.78,7.85,0.33,-0.07,0.35
-13.97,0.08,9.04,-0.29,-0.24,0.12
-14.65,1.52,8.51,-0.11,-0.08,0.04
-15.17,0.63,8.5,-0.16,0.13,-0.09
-15.61,0.52,8.37,-0.09,-0.0,-0.0
-15.34,0.41,8.39,-0.08,-0.05,-0.0
-17.27,1.53,9.55,2.41,-0.48,2.11
-17.67,9.06,-3.0,1.9,2.88,-1.31
-19.61,3.2,-1.79,-0.91,-2.13,0.95
-19.05,4.02,2.12,-0.22,-0.15,-0.17
-18.84,3.33,2.86,0.04,0.01,-0.02
-19.61,4.52,1.44,0.14,-0.12,-0.19
-19.27,4.24,2.25,-0.16,-0.04,-0.03
-18.49,3.68,3.46,-0.06,0.0,-0.06
-19.01,3.83,2.59,-0.01,-0.16,-0.04
-14.67,1.38,6.42,-2.2,-2.2,-0.74
-16.03,0.49,8.09,-0.13,-0.02,-0.01
-15.49,0.16,8.24,-0.12,0.08,0.04
-19.57,4.51,2.44,0.16,-0.18,0.18
-19.58,3.35,0.12,0.29,-1.29,0.64
-16.01,4.72,6.51,1.1,0.84,-0.31
-19.61,1.82,1.14,-0.61,-0.25,0.35
-19.61,2.36,2.58,0.13,0.14,-0.43
-19.61,2.1,3.19,-0.0,-0.41,-0.08
-19.42,1.99,3.5,-0.08,-0.14,-0.05
-19.61,2.09,2.8,-0.21,-0.31,0.01
-18.84,1.9,3.42,-0.33,0.21,0.21
-19.61,1.09,2.85,-0.1,0.26,-0.19
-19.61,1.77,5.62,-0.05,-0.29,-1.42
-18.81,1.61,4.34,-1.16,-0.08,0.03
-19.29,1.83,3.71,0.87,-0.66,-0.13
-19.61,0.6,4.76,-0.01,-0.13,-0.07
-19.22,1.95,3.65,-0.19,-0.16,0.03
-18.88,0.91,3.91,0.16,0.01,0.27
-19.53,0.74,3.91,-0.04,0.36,0.27
-19.33,1.7,3.87,-0.01,-0.17,-0.06
-19.14,2.94,2.35,-0.13,-0.48,-0.2
-19.22,1.7,3.79,-0.29,-0.2,0.03
-19.42,2.14,3.31,-0.13,-0.04,0.04
-19.59,1.71,3.4,-0.07,-0.09,0.02
-19.48,1.62,3.45,-0.08,-0.09,0.0
-19.54,1.57,3.39,-0.07,-0.08,0.01
-19.49,1.57,3.34,-0.08,-0.08,0.01
-19.61,0.76,3.5,0.02,-0.15,-0.19
-18.53,1.91,4.52,-0.19,-0.1,-0.11
-19.61,1.48,4.46,-0.06,-0.12,-0.04
-19.39,1.59,3.18,-0.04,-0.1,-0.03
-19.61,1.03,1.26,-0.32,-0.13,-0.08
-19.61,1.37,0.69,0.18,0.15,-0.06
-19.61,0.84,1.54,0.01,-0.1,0.15
-19.25,2.36,3.08,-0.19,-0.16,-0.03
-19.24,2.03,3.34,-0.02,-0.1,0.07
-19.61,2.44,3.27,-0.14,-0.22,0.05
-19.26,1.92,3.17,-0.11,-0.1,-0.07
-19.41,1.8,3.42,-0.07,-0.12,0.0
-19.47,2.05,3.25,0.0,-0.14,-0.07
-19.61,1.15,3.82,0.61,0.37,0.38
-19.09,2.43,2.97,0.04,-0.09,-0.04
-18.96,1.52,4.04,-0.23,-0.04,-0.19
-19.61,3.11,3.57,0.29,1.12,0.58
-19.33,1.85,3.17,0.26,0.09,0.24
-18.64,1.43,4.06,-0.22,-0.17,-0.07
-19.41,2.18,3.19,-0.14,-0.23,-0.08
-18.78,1.66,4.13,-0.17,-0.25,0.02
-19.43,1.54,3.34,-0.09,-0.13,0.01
-19.6,2.11,3.14,-0.17,-0.16,-0.02
-19.53,1.42,3.74,-0.15,0.03,-0.28
-19.61,0.81,4.04,-0.01,-0.05,0.08
-19.48,1.29,4.0,-0.3,-0.15,0.12
-19.14,1.07,4.23,-0.11,0.01,0.1
-18.86,1.8,3.81,0.2,0.9,0.14
-19.45,1.5,3.12,0.18,-0.27,0.01
-19.29,1.8,3.11,-0.03,-0.03,0.02
-19.26,1.43,3.6,0.1,-0.01,0.07
-19.32,1.65,3.37,-0.12,-0.08,0.02
-19.61,0.9,3.15,-0.13,0.11,0.03
-19.32,1.58,3.73,0.02,-0.09,-0.17
-19.17,1.49,3.77,-0.18,-0.3,0.02
-19.02,0.89,3.95,-0.03,-0.16,0.07
-19.14,1.27,3.86,-0.22,-0.01,0.07
-19.61,1.67,2.62,-0.06,-0.2,0.02
-19.56,1.26,3.32,0.63,0.75,0.09
-19.61,1.96,3.3,0.15,-0.02,-0.03
-19.52,1.59,3.02,-0.3,-0.22,-0.16
-18.67,1.99,3.44,-0.15,-0.09,-0.15
-19.61,1.71,2.78,-0.05,-0.04,-0.01
-19.14,1.25,3.74,-0.1,-0.09,0.01
-19.61,2.28,1.94,-0.05,-0.24,0.09
-19.61,2.34,2.5,-0.2,-0.51,0.15
-19.18,2.94,3.04,-0.2,-0.13,0.09
-19.18,2.72,3.24,-0.17,-0.13,0.06
-19.15,2.68,3.65,-0.08,-0.13,0.01
-19.18,2.92,3.55,-0.06,-0.07,0.0
-19.31,1.83,4.55,-0.29,-0.19,-0.04
-18.8,2.67,3.77,-0.09,-0.09,-0.0
-19.61,2.42,3.72,0.03,-0.16,-0.03
-18.16,2.07,4.07,0.03,-0.16,-0.16
-19.61,1.67,4.52,-0.89,0.13,0.46
-19.33,2.77,3.73,-0.07,-0.07,-0.0
-19.21,2.55,3.71,-0.07,-0.06,-0.0
-19.05,2.66,3.78,-0.05,-0.06,0.0
-19.33,2.7,4.07,0.15,0.49,0.3
-18.47,3.47,2.66,0.34,-0.31,-0.31
-18.91,2.74,3.95,-0.07,-0.03,0.02
-18.3,1.96,5.26,-0.38,-0.42,0.0
-18.66,2.29,4.33,-0.09,-0.11,0.01
-18.79,2.9,3.74,-0.07,-0.16,-0.04
-19.03,2.57,3.93,-0.09,-0.03,-0.07
-19.61,2.07,4.1,-0.02,-0.01,-0.08
-19.07,2.65,3.66,-0.06,-0.25,-0.01
-18.81,2.71,3.94,-0.1,-0.08,-0.01
-18.88,2.62,4.33,-0.24,-0.12,0.12
-18.7,2.98,4.25,0.28,0.05,0.1
-19.0,2.69,4.0,-0.11,-0.11,0.03
-18.89,2.76,4.06,-0.1,-0.07,-0.01
-18.91,2.64,4.0,-0.09,-0.11,0.01
-18.87,2.61,4.12,-0.08,-0.09,0.02
-18.85,2.64,3.98,-0.08,-0.09,0.0
-18.93,2.63,4.09,-0.07,-0.06,-0.0
-18.8,2.77,3.84,-0.05,-0.12,-0.01
-19.19,2.55,4.04,-0.07,-0.07,0.01
-18.84,2.67,3.96,-0.07,-0.15,-0.03
-18.96,2.63,4.11,-0.09,-0.11,-0.0
-19.05,2.54,4.03,-0.06,-0.07,0.01
-18.87,2.59,4.07,-0.08,-0.1,0.01
-18.88,2.66,3.99,-0.07,-0.09,0.01
-19.14,2.57,4.21,-0.07,-0.11,0.0
-18.88,2.56,4.25,-0.06,-0.06,0.02
-18.74,2.33,4.2,-0.14,-0.16,-0.04
-18.92,2.5,4.07,-0.02,-0.09,0.02
-19.46,1.8,4.14,-0.02,-0.01,-0.03
-19.41,3.11,4.31,-0.33,-0.17,-0.01
-18.92,2.58,3.4,-0.48,-0.02,0.18
-19.17,2.37,3.82,-0.13,-0.18,0.01
-19.17,2.11,3.99,-0.14,-0.04,0.03
-19.44,2.8,3.39,-0.14,-0.18,-0.02
-19.14,2.78,3.8,0.0,-0.13,-0.02
-18.91,2.25,4.14,-0.0,-0.07,0.11
-18.51,2.55,3.96,0.06,-0.19,0.12
-18.8,2.67,3.72,-0.05,-0.11,-0.01
-19.57,2.78,3.18,0.12,-0.4,-0.11
-18.41,2.43,4.36,-0.09,-0.07,0.02
-19.52,2.73,2.85,-0.02,0.08,0.0
-19.27,2.62,3.57,-0.06,-0.06,0.01
-17.49,4.78,5.07,-0.64,-0.65,0.58
-15.56,4.08,5.94,-0.33,-0.09,-0.11
-17.35,4.81,5.59,-0.21,0.15,0.49
-11.8,-0.91,9.96,-0.08,-0.68,-0.38
-13.81,7.74,4.6,-0.02,-0.06,0.14
-14.78,6.98,5.22,-0.09,-0.1,0.02
-14.76,6.92,5.28,-0.05,-0.03,-0.04
-15.08,6.82,4.99,-0.08,-0.07,0.02
-17.03,4.03,4.53,-0.37,0.68,-1.14
-16.82,0.65,7.36,-0.22,1.18,-0.61
-19.61,3.81,3.77,-0.26,0.87,-0.48
-19.61,2.03,1.87,0.0,0.01,-0.04
-19.61,2.34,2.32,0.09,0.07,0.11
-19.61,2.0,3.33,-0.1,-0.08,0.07
-19.49,1.97,3.18,-0.1,-0.03,-0.01
-19.47,1.79,3.35,-0.05,0.01,0.02
-19.61,1.82,3.58,-0.08,-0.18,-0.14
-19.37,2.21,2.88,-0.24,-0.56,-0.16
-19.61,2.2,2.96,0.07,0.14,-0.26
-19.57,2.49,2.97,-0.37,0.1,0.35
-19.61,2.37,3.9,-0.19,-0.34,-0.24
-19.41,2.32,3.18,-0.08,-0.12,0.01
-19.02,1.88,3.55,-0.22,-0.05,0.16
-19.26,2.05,2.95,-0.14,-0.26,-0.02
-18.8,1.42,3.45,0.16,0.09,-0.27
-18.42,3.25,3.17,-1.22,0.05,0.26
-19.38,1.02,5.09,-0.14,0.11,0.19
-19.23,2.14,3.36,-0.08,-0.05,0.03
-18.83,1.63,3.85,0.11,0.03,0.19
-19.61,2.53,3.13,0.19,-0.31,-0.24
-18.78,1.77,4.52,-0.34,-0.64,-0.13
-19.14,2.21,3.3,-0.11,-0.13,0.01
-19.61,1.75,2.81,-0.13,-0.17,0.03
-19.61,3.33,2.45,0.22,-0.46,-0.59
-18.68,2.18,3.76,-0.31,-0.53,-0.15
-18.96,2.63,3.62,0.01,-0.15,-0.05
-18.87,2.05,4.59,-0.15,-0.25,0.02
-19.22,2.15,3.7,0.11,0.02,-0.07
-19.29,2.34,3.47,-0.09,-0.17,0.0
-19.43,2.25,3.65,-0.18,-0.15,-0.01
-19.39,2.19,3.58,-0.12,-0.12,-0.0
-18.84,1.28,4.76,-0.01,-0.25,-0.17
-19.58,2.75,2.57,0.08,0.18,0.41
-19.61,2.56,1.06,-0.4,-0.54,0.0
-19.61,1.2,4.02,0.14,-0.21,-0.06
-19.48,2.37,3.18,-0.18,-0.16,-0.06
-19.12,2.05,3.23,-0.08,-0.09,-0.02
-19.45,2.11,3.34,-0.08,-0.08,-0.01
-19.36,2.03,3.33,-0.04,-0.03,-0.03
-19.26,1.7,3.48,-0.04,-0.02,0.04
-19.14,2.17,3.41,-0.35,0.02,0.04
-19.07,2.28,2.93,0.02,-0.3,-0.11
-19.61,2.15,2.78,0.14,-0.23,-0.1
-19.11,2.08,3.69,-0.05,-0.07,0.05
-18.75,2.02,3.64,-0.0,-0.15,0.01
-19.25,2.31,3.05,-0.11,-0.14,-0.04
-18.97,1.84,3.87,-0.2,-0.15,-0.07
-19.46,2.43,2.7,-0.35,0.19,0.36
-19.11,2.43,3.33,-0.12,-0.11,0.04
-19.34,1.85,3.83,-0.13,-0.04,-0.08
-19.14,2.44,3.26,0.07,-0.19,-0.07
-19.33,2.06,3.14,-0.08,-0.1,-0.02
-19.48,1.95,3.24,-0.08,-0.08,0.02
-19.29,2.16,3.3,-0.08,-0.07,-0.0
-19.56,1.89,3.75,-0.06,-0.09,0.07
-19.08,1.87,3.61,-0.09,-0.07,0.02
-19.39,2.04,3.13,-0.1,-0.09,-0.02
-18.91,1.62,3.71,0.03,-0.09,-0.09
-18.83,1.56,3.28,-0.01,-0.2,-0.03
-19.22,2.05,2.9,-0.03,-0.3,-0.12
-19.48,1.86,3.08,-0.1,-0.1,0.01
-19.61,1.67,2.99,-0.09,-0.07,-0.01
-19.21,1.11,3.41,-0.09,-0.05,-0.06
-18.49,1.54,3.12,-0.12,-0.26,-0.07
-19.61,0.94,2.26,0.13,-0.1,0.1
-19.59,1.26,3.43,-0.1,-0.13,-0.01
-19.34,1.19,3.62,-0.14,-0.17,-0.04
-19.17,1.83,4.54,-0.32,-0.4,0.23
-19.6,1.28,3.51,0.18,-0.26,-0.11
-19.52,1.61,3.18,-0.07,-0.11,0.03
-19.58,1.63,3.17,-0.1,-0.06,0.03
-19.37,1.12,3.75,0.12,0.11,0.17
-19.04,0.68,3.79,0.07,0.28,0.07
-18.13,4.59,2.81,-0.18,-0.08,0.09
-17.44,4.57,5.43,-0.4,-0.6,-0.09
-17.77,5.54,2.63,0.17,-0.12,0.19
-17.74,6.09,2.22,-0.18,-0.07,-0.05
-17.92,6.03,2.48,-0.18,-0.05,-0.05
-17.82,6.02,2.25,-0.09,-0.11,-0.01
-18.03,5.84,2.59,-0.09,0.12,0.01
-17.72,4.9,2.84,-3.68,-1.31,0.68
-19.61,0.55,0.67,0.35,1.76,-1.29
-19.61,2.11,1.97,-0.27,-0.13,0.16
-19.52,1.54,2.97,-0.04,-0.21,-0.01
-19.61,2.48,1.94,0.3,0.3,-0.09
-19.5,2.23,2.57,-0.09,-0.1,-0.01
-19.61,1.94,2.75,-0.09,-0.07,-0.02
-19.45,1.52,3.31,-0.12,-0.07,-0.03
-19.56,1.54,3.24,-0.07,-0.07,0.0
-19.45,1.48,3.07,0.04,0.04,0.04
-19.61,1.64,2.83,-0.07,-0.08,0.01
-19.61,1.74,2.84,-0.07,-0.06,0.01
-19.51,1.73,2.94,-0.08,-0.08,0.01
-19.61,1.7,2.8,-0.02,0.01,0.04
-19.61,1.75,2.85,-0.08,-0.09,0.01
-19.61,1.82,2.74,-0.09,-0.1,0.01
-19.61,1.47,3.1,-0.04,-0.04,0.06
-18.76,1.47,3.3,0.05,0.13,0.16
-19.61,1.65,2.41,-0.06,-0.08,0.01
-19.61,2.88,2.89,0.17,-0.35,-0.1
-19.17,3.81,2.45,-0.43,-0.44,0.83
-18.54,4.83,2.9,0.29,0.26,-0.02
-18.34,4.26,5.03,-0.76,-0.84,-0.25
-16.98,4.81,6.06,-0.14,-0.23,0.16
-18.43,4.33,4.77,-0.23,1.18,-0.41
-18.31,2.35,4.93,-0.2,0.02,-0.37
-18.0,2.19,5.19,-0.07,-0.07,0.12
-18.09,2.43,5.13,-0.11,-0.12,0.05
-18.33,1.9,5.4,-0.11,-0.1,-0.03
-18.46,1.92,5.31,-0.01,-0.11,0.0
-18.04,2.03,5.41,-0.07,-0.08,-0.0
-18.31,2.08,5.36,-0.12,-0.08,-0.05
-18.13,2.12,5.54,-0.07,-0.11,0.02
-14.39,0.81,8.41,-0.02,-0.06,0.14
-17.69,1.13,7.56,0.17,-0.45,0.78
-15.67,0.65,7.9,-0.19,-0.12,-0.08
-15.76,1.22,7.86,-0.89,-0.07,-0.23
-15.52,0.39,8.02,-0.1,-0.13,-0.0
-16.68,0.8,7.55,-0.06,0.11,-0.05
-17.14,1.54,7.61,-0.49,-0.22,-0.22
-16.59,0.71,7.67,-0.08,-0.05,0.02
-16.68,0.79,7.43,-0.08,-0.13,-0.05
-16.0,0.87,8.3,-0.82,0.49,0.79
-15.63,1.35,7.96,-0.08,-0.07,-0.02
-15.8,1.18,7.87,-0.08,-0.09,-0.0
-16.02,1.25,7.76,-0.08,-0.1,0.0
-15.94,1.06,7.98,-0.03,-0.3,-0.12
-16.32,0.57,7.47,-0.08,-0.14,0.01
-16.27,0.5,7.58,-0.09,-0.09,0.01
-16.21,1.8,7.23,-0.06,-0.05,0.05
-16.24,1.52,7.69,-0.1,-0.06,-0.02
-15.01,1.54,7.86,-0.08,0.21,0.02
-16.23,1.35,7.34,-0.25,-0.03,0.08
-15.62,2.83,5.59,0.72,-0.36,0.91
-16.48,-0.24,8.0,0.48,0.43,-0.97
-19.61,-5.7,5.55,-0.73,0.35,-0.51
-19.61,-0.55,0.64,-0.17,-0.38,0.5
-18.27,1.89,6.18,0.42,-0.39,-0.01
-17.25,2.72,6.52,-0.35,-0.1,-0.26
-15.82,2.49,4.95,-1.55,0.8,-0.07
-16.48,1.13,4.19,-0.01,0.25,0.44
-19.23,-1.2,-0.8,0.01,0.32,-0.05
-17.31,1.27,8.42,1.39,-1.43,0.27
-6.66,2.93,10.08,-0.65,-0.36,0.31
-6.65,4.53,7.77,0.58,-0.88,-0.26
-7.08,5.73,6.97,-0.08,-0.12,-0.19
-7.46,6.25,6.66,-0.01,-0.22,-0.08
-5.13,7.18,2.94,-0.02,-0.1,-0.21
-4.87,7.81,1.47,0.11,-0.2,0.11
-5.17,7.5,0.56,-0.3,0.44,-0.09
-17.18,2.65,10.52,-0.55,0.72,-0.81
-17.73,1.21,6.55,-0.08,-0.02,-0.14
-17.72,0.93,6.21,-0.08,-0.06,-0.01
-18.07,0.88,6.19,-0.08,-0.09,0.0
-17.95,0.65,6.17,-0.08,-0.08,0.01
-18.3,0.28,5.75,-0.07,-0.09,0.0
-6.22,7.83,2.96,-0.02,-1.0,1.05
-13.67,4.59,7.52,-0.16,-0.0,0.04
-13.35,4.48,8.3,-0.2,0.16,0.22
-12.89,5.54,7.65,-0.01,-0.18,-0.05
-13.18,5.35,7.23,-0.11,-0.15,0.12
-13.91,4.44,8.37,1.16,0.56,0.46
-9.98,8.54,3.96,0.05,0.02,1.46
-9.91,3.67,9.08,-0.65,0.03,-0.57
-16.38,3.37,6.34,-0.21,0.27,-0.26
-17.65,2.04,6.06,-0.03,-0.13,0.02
-17.77,2.02,5.52,0.28,-0.35,-0.44
-17.74,2.78,6.73,0.29,-0.56,0.11
